Charity Reg. No.,Trust Name,Geo Area,Project Alignments ,Website / CC Record,Next Steps,Giving total (year),Grant Range,Average Gift,Potential ask value,Correspondent Name,,Relationship status,Previous application or funder,Contact Details,,Happy to receive intro calls / emails?,Application type,Application details,Application deadlines,Grant making policy details,Multi-year grants avaliable?,,,,,,,
,,,,,,,,,,Full name including Title and Post-Nominal (OBE etc),Job Title,,,Address + Telephone,Email,,,,,,,,,,,,,
1150550,4Daughters Charitable Trust ,"England, Wales, Israel and USA","Children, Health, Disability",FOUR DAUGHTERS CHARITABLE TRUST - 1150550,Exploratory call / email needed.,"Ł87,500",-,"Ł17,500","Ł12,500",-,-,Cold,-,"15 Eton Garages
Lambolle Place
London
NW3 4PE
Phone:	02033285601",-,No indication but contact details are avaliable.,TBC,TBC,TBC,TBC,TBC,,,,,,,
1015938,A H Blakemore Foundation,UK,Local community,https://afblakemore.com/about-us/our-community,Application required ,-,-,-,Ł200,-,-,Cold,-,-,-,No,Online,Online applications only,Ongoing,-,No,,,,,,,
-,Abbvie,UK,"Health, community",https://www.abbvie.co.uk/societal-impact/for-the-strength-of-our-communities/grants-and-donations.html,Application required ,-,-,-,"Ł5,000",-,-,Cold,-,-,-,No,Online,Online applications only,Cycle will open in 2026 - check website for specific dates,See website - must leave teo years between successful apps.,No,,,,,,,
1140051,Adfal Trust ,Worldwide,Health,THE ADFAL TRUST - 1140051,Awaiting outcome,"Ł154,000",-,"Ł3,600","Ł3,600",-,-,Cold,-,"New Leaze Farm
East Knoyle
Salisbury
SP3 6au
Phone:	01747850802",-,No indication but contact details are avaliable.,TBC,TBC,TBC,TBC,TBC,,,,,,,
265290,Adint Charitable Trust ,UK,Health,THE ADINT CHARITABLE TRUST - 265290,Exploratory call / email needed.,"Ł87,500",-,"Ł8,194","Ł5,000",-,-,Cold,-,"Hazlewoods
Windsor House
Bayshill Road
CHELTENHAM
Gloucestershire
GL50 3AT",adintct@btinternet.com,No indication but contact details are avaliable.,TBC,TBC,TBC,TBC,TBC,,,,,,,
1194723,Ahavas Chesed Trust,Worldwide,Health,AHAVAS CHESED TRUST - 1194723,Exploratory call / email needed.,"Ł2,952,541",-,-,"Ł1,000",-,-,Cold,-,"12 HOLLAND ROAD
MANCHESTER
M8 4NP
01616604528",office@actmcr.org.uk,No indication but contact details are avaliable.,TBC,TBC,TBC,TBC,TBC,,,,,,,
295913,Albert Edward Procter Charitable Trust,UK,General,THE ALBERT EDWARD PROCTER CHARITABLE TRUST - 295913,Awaiting outcome,-,-,-,-,-,-,Cold,-,"Ludlow Trust Company Limited
First Floor
Tower Wharf
Cheese La
TOWER WHARF
CHEESE L
Phone:	01173138200",charitabletrusts@ludlowtrust.com,-,Online,Applications are made online via the Ludlow Portal,Ongoing,-,-,,,,,,,
1193970,Albert Gubay Charitable Foundation,UK,Hospices,albertgubayfoundation.org,Application required ,-,-,-,"Ł10,000",-,-,Cold,-,"3 DENMARK STREET
ALTRINCHAM
WA14 2SS
Phone:	01617037992",enquiries@theagfoundation.org,No indication but contact details are avaliable.,Online,Eligibility must be completed online before an online application can be made.,Ongoing,See website - Project costs only (no more than 50%),Yes,,,,,,,
1091660,Alborada Trust,UK & Overseas,Healthcase / Wellness,https://www.alboradatrust.com/,Exploratory call / email needed.,Ł5.4m (2024),"Over Ł25,000","Ł186,206","Ł100,000                       over 2 - 3 years",-,-,Cold,-,"Lanwades Stud
Moulton
Newmarket                                      Suffolk 
CB8 8QS","director@alboradatrust.com

assistant@alboradatrust.com",Encouraged!,Online,"All applications must be made online, in a 2 phase process.  Applicantions that will be presented to the Board will receive a preliminary visit or call.",Ongoing - The board meets in Spring and Autumn,See website,Yes,,,,,,,
292500,Alchemy Foundation ,UK,"Disability, social welfare, Young People",THE ALCHEMY FOUNDATION - 292500,Exploratory call / email needed.,-,-,-,"Ł1,000",-,-,Cold,-,"Trevereux Manor
Trevereux Hill
Limpsfield Chart
OXTED
RH8 0TL",-,No details,Post,No contact details so assuming application via post is the only option,-,-,-,,,,,,,
1126791,Aldama Foundation,UK,Health,THE ALDAMA FOUNDATION - 1126791,Exploratory call / email needed.,Ł1004.6M (2024),-,-,"Ł10,000",-,-,Cold,-,"4th Floor
7 Swallow Street
LONDON
W1B 4DE
02079072100",charity@mfs.co.uk,No indication but contact details are avaliable.,TBC,TBC,TBC,TBC,TBC,,,,,,,
270822,Ancaster Trust ,UK and Overseas,General,THE ANCASTER TRUST - 270822,Awaiting outcome,"Ł75,514",-,Ł465,Ł500,-,-,Cold,-,"SAYERS BUTTERWORTH LLP
3RD FLOOR
12 GOUGH SQUARE
LONDON
EC4A 3DW
Phone:	02079361910",-,No indication but contact details are avaliable.,TBC,TBC,TBC,TBC,TBC,,,,,,,
1133255,Ana Leaf Foundation ,UK,Health / Sickness,ANA LEAF FOUNDATION - 1133255,Awaiting outcome,"Ł1,520,879",-,"Ł57,000","Ł50,000",-,-,Cold,-,"PO BOX 155
JERSEY
JE45NS
Phone:	07797892310",queries@ana-leaf-foundation.co.uk,No indication but contact details are avaliable.,TBC,TBC,TBC,TBC,TBC,,,,,,,
1049193,Annandale Charitable Trust,UK,Health /' Children / Hospice,THE ANNANDALE CHARITABLE TRUST - 1049193,Awaiting outcome,"Ł430,040",-,"Ł3,524","Ł3,500",-,-,Cold,-,"HSBC Trust Company (UK) Limited
Forum 1
2nd Floor
The Forum
Parkway
Whiteley
Phone:	023 8212 2700",charitabletrusts@ludlowtrust.com,No indication but contact details are avaliable.,TBC,TBC,TBC,TBC,TBC,,,,,,,
281229,Anthony and Elizabeth Mellows Charitable Settlement,UK,Health,THE ANTHONY AND ELIZABETH MELLOWS CHARITABLE SETTLEMENT - 281229,Awaiting outcome,"Ł415,272",-,"Ł3,935","Ł2,000",-,-,Lapsed,-,"Apartment 23
Clement House
190 Strand
London
WC2R 1AB
Phone:	020 7412 0050",-,No indication but contact details are avaliable.,TBC,TBC,TBC,TBC,TBC,,,,,,,
1150446,Anthony Scholefield Foundation,UK and Overseas,Health /Disability,THE ANTHONY SCHOLEFIELD FOUNDATION - 1150446,Application needed,"Ł62,000",-,"Ł4,133","Ł4,000",-,-,Cold,Application Dec 24,"Ludlow Trust Company Limited
First Floor
Tower Wharf
Cheese La
TOWER WHARF
CHEESE L
Phone:	01173138200",charitabletrusts@ludlowtrust.com,-,Online,Applications are made online via the Ludlow Portal,Ongoing,-,-,,,,,,,
1159820,Autumn Stone Foundation,UK,General,THE AUTUMN STONE FOUNDATION - 1159820,Application needed,"Ł106,750",-,"Ł8,895","Ł8,500",-,-,Cold,Application beginning 2025,"Ludlow Trust Company Limited
First Floor
Tower Wharf
Cheese La
TOWER WHARF
CHEESE L
Phone:	01173138200",charitabletrusts@ludlowtrust.com,-,Online,Applications are made online via the Ludlow Portal,Ongoing,-,-,,,,,,,
1044091,Bay Tree Charitable Trust ,UK and Overseas,General,THE BAY TREE CHARITABLE TRUST - 1044091,Awaiting outcome,"Ł800,000 (24)",-,"Ł80,000","Ł5,000",-,-,Cold,-,"10 New Square
LONDON
WC2A 3QG
Phone:	02074654300",appeals@baytreecharity.org,No indication but contact details are avaliable.,TBC,TBC,TBC,TBC,TBC,,,,,,,
1142857,Beaverbrooks Charitable Trust,UK,Health,THE BEAVERBROOKS CHARITABLE TRUST - 1142857,Exploratory call / email needed.,Ł1.6m,-,"Ł2,133","Ł2,000",-,-,Cold,-,"ADELE HOUSE
PARK ROAD
ST. ANNES-ON-SEA
LANCASHIRE
FY8 1RE
01253721262",Charitable.Trust@beaverbrooks.co.uk,No indication but contact details are avaliable.,TBC,TBC,TBC,TBC,TBC,,,,,,,
1118272,Bennett Pain Charitable Trust,UK - Preference for Kent,Health / Kent,BENNETT PAIN CHARITABLE TRUST - 1118272,Awaiting outcome,38000,-,"Ł3,166","Ł3,000",Angela Jarvis,Braches Solicitors,Cold,-,"BRACHERS SOLICITORS
57-59 LONDON ROAD
MAIDSTONE
ME16 8JH
Phone:	01622690691",AngelaJarvis@brachers.co.uk,No indication but contact details are avaliable.,TBC,TBC,TBC,TBC,TBC,,,,,,,
1198492,Blue Light Card Foundation,UK,Mental Health for those within Blue Light Community.,https://bluelightcardfoundation.org/eligibility/,Exploratory call / email needed.,"Ł337,725",-,-,"Ł25,000",-,-,Cold,-,"CHARNWOOD EDGE
SYSTON ROAD
COSSINGTON
LEICESTER
LE7 4UZ
03003732523",contact@bluelightcardfoundation.org,No indication but contact details are avaliable.,Online,Eligibiliy must be checked before completing the online form,No deadlines listed but applications are currently closed.,See website,No,,,,,,,
1176537,Blyth Charitable Trust,UK,Children,THE BLYTH CHARITABLE TRUST - 1176537,Application needed,"Ł316,000",-,"Ł21,000","Ł20,000",-,-,Cold,Last application beginning of 2025,"Ludlow Trust Company Limited
First Floor
Tower Wharf
Cheese Lane
Bristol
BS2 0JJ
Phone:	01173138200",charitabletrusts@ludlowtrust.com,-,Online,Online via the Ludlow Portal,Ongoing,-,-,,,,,,,
299056,Bothwell Charitable Trust ,UK,"Hospices, Disability, Children",THE BOTHWELL CHARITABLE TRUST - 299056,Awaiting outcome,"Ł275,000",-,-,-,-,-,Cold,-,"69 Burrell Road
Compton
NEWBURY
Berkshire
RG20 6QX
Phone:	01925757702",bct1987aa@gmail.com,No indication but contact details are avaliable.,TBC,TBC,TBC,TBC,TBC,,,,,,,
1003817,Brian Mitchell Charitable Settlement,"Brighton And Hove, East Sussex, Kent, West Sussex, and Throughout London","Arts, education and medical support",THE BRIAN MITCHELL CHARITABLE SETTLEMENT - 1003817,Exploratory call / email needed.,"Ł106,000",-,"Ł4,090","Ł4,000",-,-,Cold,-,"Caladine Ltd
22 Upperton Road
EASTBOURNE
East Sussex
BN21 1BF
01323644579",CHARITIES@CALADINE.CO.UK,No indication but contact details are avaliable.,TBC,TBC,TBC,TBC,TBC,,,,,,,
235409,Brocklebank Charitable Trust ,"Locally, nationally and overseas",Ill-health / disability,THE BROCKLEBANK CHARITABLE TRUST - 235409,Awaiting outcome,"Ł31,592",-,"Ł1,579","Ł1,500",-,-,Cold,-,"The Blackbirds
Bulmer Street
Bulmer
Sudbury
CO10 7EW
Phone:	07778 393 866",charitabletrust@brocklebank.info,No indication but contact details are avaliable.,TBC,TBC,TBC,TBC,TBC,,,,,,,
290525,Broyst Foundation,"UK and overseas, possible pref for Hampshire",Sickness / Health,THE BROYST FOUNDATION - 290525,Awaiting outcome,"Ł101,431",-,"Ł1,449","Ł1,400",-,-,Cold,-,"First Floor
Chilworth Point
1 Chilworth Road
Southampton
SO16 7JQ
Phone:	02380211088",southampton@rothmansllp.com,No indication but contact details are avaliable.,TBC,TBC,TBC,TBC,TBC,,,,,,,
212605,Carroll-Marx Charitable Foundation ,UK,Children,THE CARROLL-MARX CHARITABLE FOUNDATION - 212605,Awaiting outcome,"Ł47,420",-,"Ł11,855","Ł1,000",-,-,Cold,-,"Sequent UK Limited
1 King William Street
London
EC4N 7AF
Phone:	02038742893",-,No indication but contact details are avaliable.,TBC,TBC,TBC,TBC,TBC,,,,,,,
1136180,Castanea Trust,UK,Older people / Sick children,THE CASTANEA TRUST - 1136180,Awaiting outcome,"Ł473,075",-,"Ł7,755","Ł7,500",Mark Feeny,,Cold,-,"CASTLE CHAMBERS
43 CASTLE STREET
LIVERPOOL
L2 9TL
L2 9TL
Phone:	01516003000",mark.feeny@brabners.com,No indication but contact details are avaliable.,TBC,TBC,TBC,TBC,TBC,,,,,,,
1080607,Cayo Foundation ,UK,General,THE CAYO FOUNDATION - 1080607,Awaiting outcome,"Ł355,350",-,"Ł35,000",-,-,-,Cold,-,"59 Loampit Vale
LONDON
SE13 7FR
Phone:	02072486700",-,No indication but contact details are avaliable.,TBC,TBC,TBC,TBC,TBC,,,,,,,
249997,Cecil Pilkington Charitable Trust,UK,General - Medical,CECIL PILKINGTON CHARITABLE TRUST - 249997,Awaiting outcome,"Ł528,796",-,"Ł4,099","Ł4,000",-,-,Cold,-,"DUNCAN SHEARD GLASS
CASTLE CHAMBERS
43 CASTLE STREET
LIVERPOOL
L2 9TL
0151 294 5400",-,No indication but contact details are avaliable.,TBC,TBC,TBC,TBC,TBC,,,,,,,
232791,Chapman Charitable Trust,"national or based in North Wales, London or South East England (specifically Hertfordshire, Cambridgeshire, Essex, Kent, East Sussex, West Sussex, Surrey and Hampshire).",Health and Wellbeing,https://www.chapmancharitabletrust.org.uk/,Awaiting outcome,-,"Ł1,000 - Ł3,000",-,"Ł3,000.00",-,-,Cold,-,"RPGCC
40 Gracechurch Street
London
EC3V 0BT
0207 870 9050","	cct@chapmancharitabletrust.org.uk",No indication but contact details are avaliable.,Online,Applications must be made online.,End of Feb for Mar and end of Aug for Sept.,See website,No,,,,,,,
259638,Charity of Stella Symons ,UK and Worldwide,Pallative Care,THE CHARITY OF STELLA SYMONS - 259638,Awaiting outcome,"Ł77,050",-,670,Ł650.00,-,-,Cold,-,"20 MILL STREET
SHIPSTON-ON-STOUR
WARWICKSHIRE
CV36 4AW
Phone:	01243673455",-,No indication but contact details are avaliable.,TBC,TBC,TBC,TBC,TBC,,,,,,,
1113270,Charles Frederick Green Charitable Trust,UK,General,THE CHARLES FREDERICK GREEN CHARITABLE TRUST - 1113270,Awaiting outcome,-,-,-,Ł500.00,-,-,Cold,-,"Ludlow Trust Company Limited
First Floor
Tower Wharf
Cheese Lane
Bristol
BS2 0JJ
Phone:	01173138200",charitabletrusts@ludlowtrust.com,-,Online,Online via the Ludlow Portal,Ongoing,-,-,,,,,,,
284387,Charlotte Herber-Percy Charitable Trust,UK,"Medical, Cancer and Hospices",THE CHARLOTTE HEBER-PERCY CHARITABLE TRUST - 284387,Exploratory call / email needed.,"Ł324,500",-,"Ł10,816.00","Ł10,000.00",-,-,Cold,Unsuccessful app in 2020,"Rathbones Trust Company Limited
30 Gresham Street
LONDON
EC2V 7QN
Phone:	0207 399 0444",rtccharities@rathbones.com,No indication but contact details are avaliable.,TBC,TBC,TBC,TBC,TBC,,,,,,,
1150413,Childwick Trust,"Bedfordshire, Berkshire, Buckinghamshire, Cambridgeshire, Essex, Hampshire, Hertfordshire, Kent, London & Greater London, Norfolk, Oxfordshire, Suffolk, Surrey & Sussex",Healthcare,https://childwicktrust.org/,Awaiting outcome,-,"Ł5,000 - Ł20,000",-,"Ł5,000.00",-,-,Cold,-,"9 Childwick Green
Childwickbury
ST. ALBANS
AL3 6JJ
Phone:	01727844666",kirsty@childwicktrust.org,Yes,Online,Online only,April and Oct,See website,No,,,,,,,
1197936,Chris Banton Foundation,UK,Children's Hospices,THE CHRIS BANTON FOUNDATION - 1197936,Exploratory call / email needed.,"Ł22,274,482",-,-,"Ł10,000.00",Din Mehta,Trustee,Cold,-,"20 RYDAL GARDENS
ASHBY-DE-LA-ZOUCH
LE65 1FJ
01530270100",din.mehta@bloorhomes.com,No indication but contact details are avaliable.,TBC,TBC,TBC,TBC,TBC,,,,,,,
1191343,Clemence Charitable Trust,UK,General,THE CLEMENCE CHARITABLE TRUST - 1191343,Awaiting outcome,"Ł63,697",-,-,-,-,-,Cold,-,"BASSETTS
MILL LANE
HILDENBOROUGH
TONBRIDGE
TN11 9LX
Phone:	01732833338",-,No indication but contact details are avaliable.,TBC,TBC,TBC,TBC,TBC,,,,,,,
294540,Constance Travis Charitable Trust,UK,Medical/Health/Sickness,THE CONSTANCE TRAVIS CHARITABLE TRUST - 294540,Exploratory call / email needed.,"Ł6,887,328","Ł60,000 - Ł10,000",-,"Ł20,000.00",-,-,Cold,-,"86 DRAYTON GARDENS
LONDON
SW10 9SB",travistrust86@yahoo.co.uk,No indication but contact details are avaliable.,TBC,TBC,TBC,TBC,TBC,,,,,,,
1191787,CPF Trust,UK,"Health, Disability, elderly, children and young people",www.thecpftrust.org.uk,Awaiting outcome,-,"Ł1,000 - Ł3,000",-,"Ł1,000.00",-,-,Cold,-,"6 Priory Avenue
Bedford Park
London
W4 1TX
Phone:	02089946052",thecpftrust@gmail.com,No indication but contact details are avaliable.,Email,Email ONLY inc accounts  Applications must be no more than 500 words long.,Applications only accepted between 1 June and 30 Sept.,See website,No,,,,,,,
274612,Culra Charitable Trust,UK,General,THE CULRA CHARITABLE TRUST - 274612,Apply,-,-,Ł500,Ł500.00,-,-,Lapsed,Last gift Ł500 in 2020,"Victoria House
1-3 College Hill
London
EC4R 2RA
Phone:	02074898076",-,No indication but contact details are avaliable.,Postal,-,-,-,-,,,,,,,
264270,Cyril Shack Trust,UK,General,THE CYRIL SHACK TRUST - 264270,Apply,"Ł84,993",-,-,"Ł1,000.00",-,-,Lapsed,Last gift Ł800 in 2022.,"Lubbock Fine
Paternoster House
65 St. Paul's Churchyard
LONDON
EC4M 8AB
Phone:	02074907766",-,No indication but contact details are avaliable.,Email or post.,-,-,-,-,,,,,,,
206329,David and Jennifer Sieff Charitable Trust,UK,General,THE DAVID AND JENNIFER SIEFF CHARITABLE TRUST - 206329,Awaiting outcome,-,-,-,-,-,-,Cold,-,"ACRE HOUSE
11-15 WILLIAM ROAD
LONDON
NW1 3ER
Phone:	02073887000",mbrinklow@hwfisher.co.uk,No indication but contact details are avaliable.,TBC,TBC,TBC,TBC,TBC,,,,,,,
287009,David Pearlman Charitable Foundation,UK,Health,DAVID PEARLMAN CHARITABLE FOUNDATION - 287009,Exploratory call / email needed.,"Ł272,566",-,-,"Ł5,000.00",-,-,Cold,-,"NEW BURLINGTON HOUSE
1075 FINCHLEY ROAD
LONDON
NW11 0PU
02087310777",-,No indication but contact details are avaliable.,TBC,TBC,TBC,TBC,TBC,,,,,,,
326226,De Brye Charitable Trust ,UK and Overseas,Disabled children,THE DE BRYE CHARITABLE TRUST - 326226,Exploratory call / email needed.,"Ł81,800",-,"Ł2,337.00","Ł2,000.00",-,-,Cold,-,"MERCER & HOLE
72 LONDON ROAD
ST. ALBANS
AL1 1NS
Phone:	01727869141",-,No indication but contact details are avaliable.,TBC,TBC,TBC,TBC,TBC,,,,,,,
327737,Diana Edgson Wright Charitable Trust,UK,Hospice,THE DIANA EDGSON WRIGHT CHARITABLE TRUST - 327737,Awaiting outcome,"Ł70,000",-,"Ł1,000.00","Ł1,000.00",-,-,Warm,-,"2 STADE STREET
HYTHE KENT
CT21 6BD
Phone:	01303262525",henmo4@henrymoorheadandco.co.uk,No indication but contact details are avaliable.,TBC,TBC,TBC,TBC,TBC,,,,,,,
251661,Dixie Rose Findlay Charitable Trust,UK,"Health, Disability, Elderly, Children",THE DIXIE ROSE FINDLAY CHARITABLE TRUST - 251661,Awaiting outcome,"Ł203,250",-,"Ł2,903.00","Ł2,900.00",-,-,Cold,-,"Ludlow Trust Company Limited
First Floor
Tower Wharf
Cheese Lane
Bristol
BS2 0JJ
Phone:	01173138200",charitabletrusts@ludlowtrust.com,-,Online,Online via the Ludlow Portal,Ongoing,-,-,,,,,,,
201794,Douglas Arter Foundation,UK,Disabled,DOUGLAS ARTER FOUNDATION - 201794,Awaiting outcome,"Ł81,371",Ł250 - Ł1k,Ł535.00,Ł500.00,-,-,Cold,-,"	Fern Villa
Melksham Road
Patterdown
Chippenham
SN15 2NR
Phone:	01249448252",dafbristol@aol.com,No indication but contact details are avaliable.,TBC,TBC,TBC,TBC,TBC,,,,,,,
298772,Douglas Glanfield Memorial Trust,"Gravesham, Kent","Gravesham, Kent",DOUGLAS GLANFIELD MEMORIAL TRUST - 298772,Apply,-,-,"Ł1,000.00","Ł1,000.00",Andrew Moffat,Trustee,Lapsed,"Last gift Ł1,550 in 2021","	THREE ELMS
WOODLANDS LANE
SHORNE
GRAVESEND
DA12 3HH
Phone:	01474822280",aimoffat@btinternet.com,No indication but contact details are avaliable.,TBC,TBC,TBC,TBC,TBC,,,,,,,
248003,Douglas Heath Eves Charitable Trust,UK,General,THE DOUGLAS HEATH EVES CHARITABLE TRUST - 248003,Awaiting outcome,"Ł27,000",-,Ł500.00,Ł500.00,-,-,Cold,-,"143 Minnis Road
Birchington
CT7 9NS
Phone:	01843 843920",roszieb@gmail.com,No indication but contact details are avaliable.,TBC,TBC,TBC,TBC,TBC,,,,,,,
256453,E F and M G Hall Charitable Trust ,UK,Health,E F AND M G HALL CHARITABLE TRUST - 256453,Awaiting outcome,-,"Ł50 - Ł5,000",Ł250-Ł2000,"Ł2,000.00",-,-,Cold,-,"SHOVELSTRODE HOUSE
SHOVELSTRODE LANE
EAST GRINSTEAD
RH19 3PN
Phone:	01342321238",-,No indication but contact details are avaliable.,TBC,TBC,TBC,TBC,TBC,,,,,,,
1125104,E Slater Charitable Settlement ,UK,General,E SLATER CHARITABLE SETTLEMENT - 1125104,Awaiting outcome,"Ł13,450",-,Ł640.00,Ł650.00,Charlotte Marie Keating,Trustee,Cold,-,"Prosperity Law LLP
Vantage Point
4 Hardman Street
Spinningfields
Manchester
M3 3HF
Phone:	0161464 7595",charlottek@prosperitylaw.com,No indication but contact details are avaliable.,TBC,TBC,TBC,TBC,TBC,,,,,,,
201589,Edgar E Lawley Foundation,UK,Children / Aged / Medical Care.,Home - Edgar E Lawley Foundation,Awaiting outcome,-,-,"Ł2,000.00","Ł2,000.00",-,-,Cold,-,"P.O.BOX 456
ESHER
KT10 1DP
Phone:	01372805760",edgarelawley@gmail.com,No indication but contact details are avaliable.,Online,Applications must be made onlin.,Applications are accepted between 1st Aug and 31st Oct.,See website.,No,,,,,,,
237250,Elaine & Angus Lloyd Charitable Trust,UK - possible preference for Kent / Surrey,Health / Children,THE ELAINE AND ANGUS LLOYD CHARITABLE TRUST - 237250,Awaiting outcome,"Ł127,050",-,"Ł2,049.00","Ł2,000.00",Ross Badger,Trustee,Cold,-,"7 Barrett Road
Fetcham
LEATHERHEAD
Surrey
KT22 9HL
Phone:	02079307797",ROSS@ROSSBADGERLTD.COM,No indication but contact details are avaliable.,TBC,TBC,TBC,TBC,TBC,,,,,,,
262837,Emerton-Christie Charity,UK,Health / Disability,Home | BUSINESS NAME,Awaiting outcome,"Ł10,000",-,"Ł6,000.00","Ł6,000.00",-,-,Cold,-,"18 Kirkside Road
LONDON
SE3 7SQ
Phone:	07887397544",info@emertonchristie.org,No indication but contact details are avaliable.,Email,Email Only inc accounts.,TBC,See website,No,,,,,,,
264192,Family Rich Charities ,UK and Overseas,Social Welfare / Mecial Care / Music Therapies,THE FAMILY RICH CHARITIES TRUST - 264192,Awaiting outcome,"Ł80,000",-,"Ł2,500.00","Ł2,500.00",-,-,Cold,-,"6 FORGE LANE
RICHMOND
TW10 7BF
Phone:	02089487982",-,No indication but contact details are avaliable.,TBC,TBC,TBC,TBC,TBC,,,,,,,
208758,Fitton Trust,UK and Worldwide,General,FITTON TRUST - 208758,Awaiting outcome,"Ł72,700",Ł250 - Ł350,Ł290.00,Ł300.00,-,-,Cold,-,"PO BOX 289
Bramhall
Stockport
SK7 0DZ",-,No indication but contact details are avaliable.,TBC,TBC,TBC,TBC,TBC,,,,,,,
269410,Ford Britain Trust,"Priority - Essex, Bridgend, Southampton, Daventry, Manchester and Liverpool.",Community,The Ford Britain Trust | Ford UK,Awaiting outcome,-,Small - up to Ł250.  Large - up to Ł3k,-,Ł500.00,-,-,Cold,-,"Ford Motor Company Limited
Arterial Road
Laindon
Essex
SS15 6EE
Phone:	01268402790",fbtrust@ford.com,No indication but contact details are avaliable.,Online,"Two programmes - small grants up to Ł250 and Large grants (up to Ł3k).  Although they will consider all UK postcodes - priority is given to Essex, Bridgend, Southampton, Daventry, Manchester and Liverpool.","Small - which must be received online by June, Oct, Feb.  Large grants must be submitted in July (putcome Sept/Oct) and Jan (March)",See website,No,,,,,,,
1205658,Freddie Green and Family Charitable Foundation,UK,General,THE FREDDIE GREEN AND FAMILY CHARITABLE FOUNDATION - 1205658,Awaiting outcome,Ł0,-,-,-,-,-,Cold,-,"HENRY STREETER GROUP
WOLFELANDS PLACE
HIGH STREET
WESTERHAM
TN16 1RQ
Phone:	01959567140",info@freddiegreenfoundation.com,No indication but contact details are avaliable.,TBC,TBC,TBC,TBC,TBC,,,,,,,
244444,Frognal Trust ,UK,Elderly / Children / Handicapped.,FROGNAL TRUST - 244444,Awaiting outcome,"Ł105,000",-,-,-,Joyce Salkeld,Wilsons Llp,Cold,-,"Wilsons Solicitors Llp
Alexandra House
St. Johns Street
Salisbury
SP1 2SB
Phone:	01722 412412",joyce.salkeld@wilsonsllp.com,No indication but contact details are avaliable.,TBC,TBC,TBC,TBC,TBC,,,,,,,
295998,G D Herbert Charitable Trust ,UK,"Medical, Health, Welfare",THE G D HERBERT CHARITABLE TRUST - 295998,Awaiting outcome,"Ł99,000",-,"Ł3,093.75","Ł3,000.00",-,-,Cold,-,"Veale Wasbrough Vizards Llp
24 King William Street
LONDON
EC4R 9AT
Phone:	02074051234",mbyrne@vwv.co.uk,No indication but contact details are avaliable.,TBC,TBC,TBC,TBC,TBC,,,,,,,
212631,George and Esmee Pollitzer Charitable Settlement,UK,"Disabled, Health, Childrem",THE GEORGE AND ESME POLLITZER CHARITABLE SETTLEMENT - 212631,Exploratory call / email needed.,"Ł78,500",-,"Ł5,000","Ł5,000.00",-,-,Cold,-,"Dixon Wilson
22 Chancery Lane
LONDON
WC2A 1LS
Phone:	02076808100",-,No indication but contact details are avaliable.,TBC,TBC,TBC,TBC,TBC,,,,,,,
1085553,Geoff and Fiona Squire Foundation ,UK,Heathcare of Children,THE GEOFF & FIONA SQUIRE FOUNDATION - 1085553,Awaiting outcome,"Ł891,180",-,11280,"Ł10,000.00",-,-,Cold,-,"Henry Moore Court
Manresa Road
London
SW3 6AS
07759 636799",-,No indication but contact details are avaliable.,TBC,TBC,TBC,TBC,TBC,,,,,,,
1040999,George Cadbury Trust (George Henry T and Lawrence J Cadbury Sections,UK,General - Illness / Health,THE GEORGE CADBURY TRUST (GEORGE HENRY T AND LAURENCE J CADBURY SECTIONS) - 1040999,Exploratory call / email needed.,"Ł367,550",-,"Ł4,594.37","Ł4,500.00",-,-,Cold,-,"GEORGE CADBURY FUND B ACCOUNT
2 SNOW HILL
BIRMINGHAM
B4 6GA
01212657288",-,No indication but contact details are avaliable.,TBC,TBC,TBC,TBC,TBC,,,,,,,
271993,Gerald Bentall Charitable Trust ,UK,"South - Elderly, health, social welfare",THE GERALD BENTALL CHARITABLE TRUST - 271993,Awaiting outcome,"Ł31,250",-,Ł538.00,Ł500.00,-,-,Cold,-,"24 STROUDES CLOSE
WORCESTER PARK
KT4 7RB
Phone:	02083304586",gbentallg9@aol.com,No indication but contact details are avaliable.,TBC,TBC,TBC,TBC,TBC,,,,,,,
213630,Gilbert Edgar Trust ,UK & Overseas,"Children, disability / Hospice / Medical / Youth.",THE GILBERT EDGAR TRUST - 213630,Awaiting outcome,"Ł32,000",-,Ł680.00,Ł680.00,-,-,Cold,-,"Barnwell House
Fingest
Skirmett
Henley-on-Thames
RG9 6TH
Phone:	01491 639318",-,No indication but contact details are avaliable.,TBC,TBC,TBC,TBC,TBC,,,,,,,
1147149,Goldcrest Charitable Trust,UK,General,THE GOLDCREST CHARITABLE TRUST - 1147149,Application needed,"Ł247,000",-,"Ł8,892.00","Ł8,500.00",-,-,Cold,Last application Feb 25,"Ludlow Trust Company Limited
First Floor
Tower Wharf
Cheese Lane
Bristol
BS2 0JJ
Phone:	01173138200",charitabletrusts@ludlowtrust.com,-,Online,Online via the Ludlow Portal,Ongoing,-,-,,,,,,,
267577,Green And Lilian F M Ainsworth and Family Benevolent Fund,UK,General,GREEN AND LILIAN F M AINSWORTH AND FAMILY BENEVOLENT FUND - 267577,Awaiting outcome,"Ł23,192",-,-,-,-,-,Cold,-,"Ludlow Trust Company Limited
First Floor
Tower Wharf
Cheese Lane
Bristol
BS2 0JJ
Phone:	01173138200",charitabletrusts@ludlowtrust.com,-,Online,Online via the Ludlow Portal,Ongoing,-,-,,,,,,,
1090360,Greg & Rosie Lock Charitable Foundation ,UK - Some preference for London,-,THE GREG & ROSIE LOCK CHARITABLE FOUNDATION TRUST - 1090360,Awaiting outcome,-,-,-,-,Alan McDougall,KILLIK & CO,Cold,-,"KILLIK & CO
CROWN HOUSE
CROWN STREET
IPSWICH
IP1 3HS
Phone:	02073370643",alan.mcdougall@killik.com,No indication but contact details are avaliable.,TBC,TBC,TBC,TBC,TBC,,,,,,,
255230,Grocer's Charity ,UK,"Health, Disability, elderly, young people",https://grocershall.co.uk/the-charity/apply-for-a-grant,Application needed,Ł1m,-,"Ł5,000.00","Ł5,000.00",-,-,Cold,-,"Grocers’ Hall
Princes Street
London EC2R 8AD
020 7606 3113",reception@grocershall.co.uk,No indication but contact details are avaliable.,Online,"Online eligbility must be completed before online application, when you will be invited to stage 2. ",Initial inquiries accepted in Sept.,See website - Reserves under 12 months,No,,,,,,,
1080794,Hall Garth Charitable Settlement,UK,General,THE HALL GARTH CHARITABLE SETTLEMENT - 1080794,Awaiting outcome,-,-,-,-,-,-,Cold,-,"Maryvale
Mill Street
LUDLOW
Shropshire
SY8 1GH
Phone:	01584878353",hallgarthcharity@cundallsy8.co.uk,No indication but contact details are avaliable.,TBC,TBC,TBC,TBC,TBC,,,,,,,
1056500,Harry Bacon Foundation,UK,General,THE HARRY BACON FOUNDATION - 1056500,Application needed,-,-,-,-,-,-,Cold,-,"Ludlow Trust Company Limited
First Floor
Tower Wharf
Cheese Lane
Bristol
BS2 0JJ
Phone:	01173138200",charitabletrusts@ludlowtrust.com,-,Online,Online via the Ludlow Portal,Ongoing,-,-,,,,,,,
1115323,Hasluck Charitable Trust ,UK and Worldwide,Health / Disability,THE HASLUCK CHARITABLE TRUST - 1115323,Exploratory call / email needed.,"Ł14,000",-,"Ł2,692.00",Ł1000 - Ł2000,Misha Lalji,Trust Manager - Rathbones,Cold,-,"30 GRESHAM STREET
LONDON
EC2V 7QN
Phone:	02073195609",Misha.Lalji@rathbones.com,No indication but contact details are avaliable.,TBC,TBC,TBC,TBC,TBC,,,,,,,
1103820,Hawksbee Charitable Trust ,UK,General,HAWKSBEE CHARITABLE TRUST - 1103820,Awaiting outcome,-,-,-,-,-,-,Cold,-,"Ludlow Trust Company Limited
First Floor
Tower Wharf
Cheese Lane
Bristol
BS2 0JJ
Phone:	01173138200",charitabletrusts@ludlowtrust.com,-,Online,Online via the Ludlow Portal,Ongoing,-,-,,,,,,,
1161373,Hays Travel Foundation,UK,Health / Young People,Charity Funding | Foundation - Hays Travel,Unsuccessful,"Ł337,556",-,"Ł2,909.00","Ł2,900.00",-,-,Cold,-,"Hays Travel
Gilbridge House
High Street West
SUNDERLAND
SR1 3HA
Phone:	0191 8148094",enquiries@haystravelfoundation.co.uk,No indication but contact details are avaliable.,Online,Online from areas Hay's operates,TBC,TBC,TBC,,,,,,,
 1148306,HC Foundation ,THE STANLEY FOSTER CHARITABLE TRUST - 1085985,Sickness,HC FOUNDATION - 1148306,Awaiting outcome,"Ł43,000",-,"Ł10,750.00",-,-,-,Cold,-,"1 Bridge Lane
Suite 1A First Floor
LONDON
NW11 0EA
Phone:	02084588900",-,No indication but contact details are avaliable.,TBC,TBC,TBC,TBC,TBC,,,,,,,
286967,Health Foundation,UK,Health,"
www.health.org.uk",Check website regularly for open funding rounds.,-,-,-,-,-,-,Cold,-,"Salisbury Square House
8 Salisbury Square
LONDON
EC4Y 8AP
02072578000",info@health.org.uk,No indication but contact details are avaliable.,Online,Depends on the Open Grant Round,Depends on the Open Grant Round,Depends on the Open Grant Round,Depends on the Open Grant Round,,,,,,,
1138813,Hilary Awdry Charitable Trust,UK,Hospice / pallative care,THE HILARY AWDRY CHARITABLE TRUST - 1138813,Awaiting outcome,"Ł51,787",-,"Ł1,101","Ł1,000.00",Anna Wensley Stock,Trustee,Cold,-,"Wansbroughs Solicitors
Northgate House
Northgate Street
DEVIZES
SN10 1JX
Phone:	01380 733300",anna.wensleystock@wansbroughs.com,No indication but contact details are avaliable.,TBC,TBC,TBC,TBC,TBC,,,,,,,
1186232,Hollyhock Charitable Foundation,UK and Worlwide,Health and Welfare,HOLLYHOCK CHARITABLE FOUNDATION - 1186232,Exploratory call / email needed.,"Ł5,445,095",-,"Ł95,000","Ł100,000",-,-,Cold,Unsuccessful application in 2022,"RAWLINSON & HUNTER
6 NEW STREET SQUARE
LONDON
EC4A 3AQ
Phone:	02078422000",hollyhock@rawlinson-hunter.com,No indication but contact details are avaliable.,TBC,TBC,TBC,TBC,TBC,,,,,,,
1123381,Hospital Saturday Fund,UK,Health,Hospital Saturday Fund – Making Medical Grants to Improve the Health of Communities,Awaiting outcome,-,Standard up to Ł2k and Large up to Ł10k,-,"Ł2,000",-,-,Warm,"Ł2,000 received in 24/25","24 UPPER GROUND
LONDON
SE1 9PD
Phone:	02072021334",charity@hsf.eu.com,Yes,Online,-,See website,See website,No,,,,,,,
1180551,IMP Trust,UK,General,THE IMP TRUST - 1180551,Application needed,"Ł88,733",-,"Ł7,394","Ł7,000",-,-,Cold,Last application the beginning of 2025.,"Ludlow Trust Company Limited
First Floor
Tower Wharf
Cheese Lane
Bristol
BS2 0JJ
Phone:	01173138200",charitabletrusts@ludlowtrust.com,-,Online,Online via the Ludlow Portal,Ongoing,-,-,,,,,,,
290544,Institute of Our Lady of Mercy,UK,women and children,INSTITUTE OF OUR LADY OF MERCY - 290544,Awaiting outcome,-,-,-,-,-,-,Lapsed,-,"INSTITUTE OF OUR LADY OF MERCY
CONVENT OF MERCY
CEMETERY ROAD
YEADON
LEEDS
LS19 7UR
Phone:	01132500253",iolm@iolmercy.org.uk,No indication but contact details are avaliable.,TBC,TBC,TBC,TBC,TBC,,,,,,,
1059865,J Isaacs Charitable Trust,UK,"Children's pallative care, elderly, cancer care",THE J ISAACS CHARITABLE TRUST - 1059865,Exploratory call / email needed.,"Ł300,229",-,-,"Ł20,000",-,-,Cold,-,"Mutual House - 4th Floor
70 Conduit Street
London
W1S 2GF
Phone:	02072202305",-,No indication but contact details are avaliable.,TBC,TBC,TBC,TBC,TBC,,,,,,,
206321,Jeremy and John Sacher Charitable Trust ,UK,General,THE JEREMY AND JOHN SACHER CHARITABLE TRUST - 206321,Awaiting outcome,"Ł318,450",-,"Ł13,268",-,Ragini Majithia,RVM Accountants,Cold,-,"RVM Accountants
62 Harts Grove
WOODFORD GREEN
Essex
IG8 0BN
Phone:	07748239568",ragini.majithia@rvmaccountants.com,No indication but contact details are avaliable.,TBC,TBC,TBC,TBC,TBC,,,,,,,
246636,Joe Hyman Charitable Trust,UK,"Sick, disabled, elderly and disadvantaged.",THE JOE HYMAN CHARITABLE TRUST - 246636,Awaiting outcome,"Ł8,232",-,Ł888,Ł800,-,-,Cold,-,"C/o TC Group
6th Floor
Kings House
9 - 10 Haymarket
London
Phone:	02074865553",-,No indication but contact details are avaliable.,TBC,TBC,TBC,TBC,TBC,,,,,,,
1050110,John Coldman Charitable Trust,UK,Young People / Health,THE JOHN COLDMAN CHARITABLE TRUST - 1050110,Exploratory call / email needed.,"Ł24,500",-,-,"Ł1,000.00",-,-,Cold,-,"Lockskinners House
Lockskinners
Chiddingstone
EDENBRIDGE
Kent
TN8 7NA
Phone:	07767 708614",johncoldman@benfieldpartners.com,No indication but contact details are avaliable.,TBC,TBC,TBC,TBC,TBC,,,,,,,
1146260,John Raymond Tijou Charitable Trust ,UK,General - Health,THE JOHN RAYMOND TIJOU CHARITABLE TRUST - 1146260,Awaiting outcome,"Ł28,000",-,"Ł4,000","Ł4,000.00",-,-,Cold,-,"Ludlow Trust Company Limited
First Floor
Tower Wharf
Cheese Lane
Bristol
BS2 0JJ
Phone:	01173138200",charitabletrusts@ludlowtrust.com,-,Online,Online via the Ludlow Portal,Ongoing,-,-,,,,,,,
210680,JSF Pollitzer Charitable Settlement ,UK,"Health , Social & Community welfare ",J S F POLLITZER CHARITABLE SETTLEMENT - 210680,Awaiting outcome,"Ł23,503",-,"Ł2,350","Ł2,300.00",-,-,Cold,-,"Dixon Wilson
22 Chancery Lane
LONDON
WC2A 1LS
Phone:	02076808100",-,No indication but contact details are avaliable.,TBC,TBC,TBC,TBC,TBC,,,,,,,
1082136,Kathleen Beryl Sleigh Charitable Trust,UK,Elderly / Children / Disability,KATHLEEN BERYL SLEIGH CHARITABLE TRUST - 1082136,Exploratory call / email needed.,"Ł282,000",-,"Ł10,000 national - Ł5,000 local","Ł5,000.00",Johnathan Picken,Trustee,Cold,-,"WILLIAM STURGES SOLICITORS
14-16 CAXTON STREET
LONDON
SW1H 0QY
02078731000",jonathan.picken@williamsturges.co.uk,No indication but contact details are avaliable.,TBC,TBC,TBC,TBC,TBC,,,,,,,
1082673,KEL Trust,UK,General,THE KEL TRUST - 1082673,Awaiting outcome,-,-,-,-,-,-,Cold,-,"Couch Bright King & co
2 Tolherst Court
Turkey Mill Business Park
Ashford Road
Maidstone
Kent
Phone:	02073874264",accountants@cbk.co.uk,No indication but contact details are avaliable.,TBC,TBC,TBC,TBC,TBC,,,,,,,
294182,Kent Mark Benevolent Fund,Kent,General,https://kentmarkmastermasons.org.uk/charity-2/,Awaiting outcome,"Ł5,000",-,-,Ł500.00,-,-,Cold,-,"72 Carlton Avenue
BROADSTAIRS
Kent
CT10 1BB
Phone:	07881 931552",toprod1@sky.com,No indication but contact details are avaliable.,TBC,TBC,TBC,TBC,TBC,,,,,,,
328678,Laduma Dhamecha Charitable Trust,UK,Medicine / Community,THE LADUMA DHAMECHA CHARITABLE TRUST - 328678,Awaiting outcome,"Ł1,624,314",-,-,-,-,-,Cold,-,"2 HATHAWAY CLOSE
STANMORE
HA7 3NR
Phone:	02089038181",info@dhamecha.com,No indication but contact details are avaliable.,TBC,TBC,TBC,TBC,TBC,,,,,,,
281282,Late Miss Doris Evelyn Clarke's Charitable Trust,UK,General,THE LATE MISS DORIS EVELYN CLARKE'S CHARITABLE TRUST - 281282,Awaiting outcome,-,-,-,-,-,-,Cold,-,"Ludlow Trust Company Limited
First Floor
Tower Wharf
Cheese Lane
Bristol
BS2 0JJ
Phone:	01173138200",charitabletrusts@ludlowtrust.com,-,Online,Online via the Ludlow Portal,Ongoing,-,-,,,,,,,
1080198,Lennox Hannay Charitable Trust,UK,"Health, Ill-health and Disability",THE LENNOX HANNAY CHARITABLE TRUST - 1080198,Exploratory call / email needed.,"Ł736,390",-,"Ł4,750.00","Ł5,000.00",-,-,Cold,-,"14 BUCKINGHAM STREET
LONDON
WC2N 6DF
Phone:	02036966721",charities@rftrustee.com,No indication but contact details are avaliable.,TBC,TBC,TBC,TBC,Yes,,,,,,,
1078511,Lidbury Family Trust,UK,Health,THE LIDBURY FAMILY TRUST - 1078511,Awaiting outcome,-,-,-,-,-,-,Cold,-,"Ludlow Trust Company Limited
First Floor
Tower Wharf
Cheese Lane
Bristol
BS2 0JJ
Phone:	01173138200",charitabletrusts@ludlowtrust.com,-,Online,Online via the Ludlow Portal,Ongoing,-,-,,,,,,,
232174,Lilley Benevolent Trust ,UK,General,LILLEY BENEVOLENT TRUST - 232174,Awaiting outcome,"Ł21,000",-,"Ł1,000.00","Ł1,000.00",Abigal Page,Accountant,Cold,-,"Gibbons Mannington & Phipps Llp
82 High Street
TENTERDEN
TN30 6JG
Phone:	01580765171",abigail.page@gmpaccountants.co.uk,No indication but contact details are avaliable.,TBC,TBC,TBC,TBC,Yes,,,,,,,
1123441,Linda & George Bonnyman Charitable Trust ,UK,General,THE LINDA AND GORDON BONNYMAN CHARITABLE TRUST - 1123441,Awaiting outcome,-,-,-,-,-,-,Cold,-,"Ely Grange
Ely Grange Estate
Frant
TUNBRIDGE WELLS
TN3 9DY
Phone:	01732450744",da@csw-uk.com,No indication but contact details are avaliable.,TBC,TBC,TBC,TBC,Yes,,,,,,,
1152760,Lindley Foundation,UK,General,THE LINDLEY FOUNDATION - 1152760,Application needed,-,-,-,"Ł1,000.00",-,-,Cold,Last application Dec 24,"Ludlow Trust Company Limited
First Floor
Tower Wharf
Cheese Lane
Bristol
BS2 0JJ
Phone:	01173138200",charitabletrusts@ludlowtrust.com,-,Online,Online via the Ludlow Portal,Ongoing,-,-,,,,,,,
214301,Lloyd Johnstone Trust ,UK and overseas,The Sick,THE LLOYD JOHNSTONE TRUST - 214301,Awaiting outcome,-,-,-,-,-,-,Cold,-,"JACOB CAVENAGH & SKEET
5 ROBIN HOOD LANE
SUTTON
SM1 2SW
Phone:	020 8643 1166",jcs@jcssutton.co.uk,No indication but contact details are avaliable.,TBC,TBC,TBC,TBC,Yes,,,,,,,
251090,M and L Charitable Trust,UK,Health / Social Welfare,THE M AND L CHARITABLE TRUST - 251090,Awaiting outcome,"Ł54,160",-,-,-,-,-,Cold,-,"COHEN ARNOLD
NEW BURLINGTON HOUSE
1075 FINCHLEY ROAD
LONDON
NW11 0PU
Phone:	02087310777",mail@cohenarnold.com,No indication but contact details are avaliable.,TBC,TBC,TBC,TBC,Yes,,,,,,,
327751,Mackintosh Foundation,UK,Relief in illness / cancer,THE MACKINTOSH FOUNDATION - 327751,Exploratory call / email needed.,"Ł1,154,046",-,"Ł9,697","Ł4,000",-,-,Cold,-,"1 BEDFORD SQUARE
LONDON
WC1B 3RB
02076378866",info@camack.co.uk,No indication but contact details are avaliable.,TBC,TBC,TBC,TBC,TBC,,,,,,,
1184949,Mahan Charitable Trust ,UK,General,THE MAHAN CHARITABLE TRUST - 1184949,Awaiting outcome,"Ł30,421",-,-,-,Lucy Gibson,Trustee,Cold,-,"Sinclair Gibson
3 Lincoln's Inn Fields
LONDON
WC2A 3AA
Phone:	02072429700",LUCY.GIBSON@SINCLAIRGIBSON.COM,No indication but contact details are avaliable.,TBC,TBC,TBC,TBC,TBC,,,,,,,
1126249,Marsland McAdoo Charitable Settlement ,UK,General,MARSLAND MCADOO CHARITABLE SETTLEMENT - 1126249,Awaiting outcome,"Ł55,300",-,-,-,Charlotte Marie Keating,Trustee,Cold,-,"Prosperity Law LLP
Vantage Point
4 Hardman Street
Spinningfields
Manchester
M3 3HF
Phone:	0161 464 7595",charlottek@prosperitylaw.com,No indication but contact details are avaliable.,TBC,TBC,TBC,TBC,TBC,,,,,,,
297697,McCorquodale Charitable Trust,UK,General,THE MCCORQUODALE CHARITABLE TRUST - 297697,Application needed,"Ł295,600",-,-,"Ł1,000",-,-,Cold,Last application Dec 24,"Ludlow Trust Company Limited
First Floor
Tower Wharf
Cheese Lane
Bristol
BS2 0JJ
Phone:	01173138200",charitabletrusts@ludlowtrust.com,-,Online,Online via the Ludlow Portal,Ongoing,-,-,,,,,,,
1166932,Marian Elizabeth Trust,UK,Children's Hospices,THE MARIAN ELIZABETH TRUST - 1166932,Exploratory call / email needed.,"Ł1,200,000",-,-,"Ł100,000",-,-,Cold,-,"THE ENTERPRISE CENTRE
PRIORS HALL
CORBY
NN17 5EU
01536560394",info@themarianelizabethtrust.org,No indication but contact details are avaliable.,TBC,TBC,TBC,TBC,TBC,,,,,,,
1058771,Marjorie E Rouse Charitable Foundation,UK,General,MISS MARJORIE E.ROUSE CHARITABLE FOUNDATION - 1058771,Awaiting outcome,-,-,-,-,Bradley Waldren,Kleinwort Hambros,Cold,-,"SG Kleinwort Hambros Trust Co(UK) Ltd
One Bank Street
LONDON
E14 4SG
Phone:	02075973392",bradley.walden@kleinworthambros.com,No indication but contact details are avaliable.,TBC,TBC,TBC,TBC,TBC,,,,,,,
1113074,Mary Stephanie Warren-Coleman Trust,UK,General,THE MARY STEPHANIE WARREN-COLEMAN TRUST - 1113074,Awaiting outcome,-,-,-,-,-,-,Cold,-,"Ludlow Trust Company Limited
First Floor
Tower Wharf
Cheese Lane
Bristol
BS2 0JJ
Phone:	01173138200",charitabletrusts@ludlowtrust.com,-,Online,Online via the Ludlow Portal,Ongoing,-,-,,,,,,,
1139904,Master Charitable Trust,UK and Worldwide,Health / Community,THE MASTER CHARITABLE TRUST - 1139904,Exploratory call / email needed.,"Ł85,243,000",-,Ł1.3m,"Ł500,000",-,-,Cold,-,"37 FLEET STREET
LONDON
EC4P 4DQ
02073534522",-,No indication but contact details are avaliable.,TBC,TBC,TBC,TBC,TBC,,,,,,,
212206,Mary Kinross Charitable Trust,UK,Health and Welfare,THE MARY KINROSS CHARITABLE TRUST - 212206,Apply,"Ł928,870",-,"Ł29,027","Ł30,000",-,-,Cold,-,"36 GROVE AVENUE
MOSELEY
BIRMINGHAM
B13 9RY",marykinrossct@gmail.com,No indication but contact details are avaliable.,Email,-,-,-,-,,,,,,,
1181854,Mcgilvray Charitable Foundation,UK,General,THE MCGILVRAY CHARITABLE FOUNDATION - 1181854,Apply,"Ł28,495",-,"Ł7,123","Ł7,000",-,-,Cold,-,"Ludlow Trust Co Ltd
Tower Wharf
Cheese Lane
BRISTOL
BS2 0JJ
Phone:	01173138200",charitabletrusts@ludlowtrust.com,-,Online,Applications must be made via the ludlow portal,Ongoing,-,-,,,,,,,
1107412,Michael and Betty Little Trust,UK and Overseas,Sickness / Distress,THE MICHAEL AND BETTY LITTLE TRUST - 1107412,Apply,"Ł859,820",-,"Ł33,070","Ł30,000",-,-,Cold,Unsuccessful application for Ł35k in early 24.,"12 Stanton Drive
CHICHESTER
West Sussex
PO19 5QN",-,Only postal address avaliable,Postal,-,-,-,-,,,,,,,
297627,Michael Bishop Foundation,UK,Health,https://michaelbishopfoundation.org/apply/,Apply,"Ł2,579,474",-,"Ł50,000","Ł50,000 (Multi-year)",Jo Furlong,Trustee,Cold,-,"STAUNTON HOUSE
ASHBY-DE-LA-ZOUCHE
LEICESTERSHIRE
LE65 1RW
01530564388",jo.furlong@btconnect.com,No indication but contact details are avaliable.,Online,Applications must be made online.,March (for Apr consideration) and September (for October).,-,Yes (3 - 5 years),,,,,,,
1163309,Michael Watson Charitable Trust,UK,Health,MICHAEL WATSON CHARITABLE TRUST - 1163309,Awaiting outcome,"Ł70,453",-,-,-,-,-,Cold,-,"Apartment 19
29 Essex Street
London
WC2R 3AT
Phone:	07977 077947",-,No indication but contact details are avaliable.,TBC,TBC,TBC,TBC,TBC,,,,,,,
1059355,Mildred Duveen Charitable Trust,UK,General,THE MILDRED DUVEEN CHARITABLE TRUST - 1059355,Awaiting outcome,-,-,-,-,-,-,Cold,-,"Moore Kingston Smith LLP
9 Appold Street
LONDON
EC2A 2AP
Phone:	02045821000",pholgate@btinternet.com,No indication but contact details are avaliable.,TBC,TBC,TBC,TBC,TBC,,,,,,,
1179664,Millie's Watch,UK,General,MILLIE'S WATCH - 1179664,Apply,"Ł115,000",-,"Ł10,454","Ł10,000.00",-,-,Cold,Last application the beginning of 2025.,"Ludlow Trust Company Limited
First Floor
Tower Wharf
Cheese La
TOWER WHARF
CHEESE L
Phone:	01173138200",charitabletrusts@ludlowtrust.com,-,Online,Applications via the online Ludlow portal,Ongoing,-,-,,,,,,,
327873,Milton-Lloyd Charitable Trust,UK,General,THE MILTON-LLOYD CHARITABLE TRUST - 327873,Awaiting outcome,"Ł43,022",-,-,"Ł1,000.00",Howard Walters,Trustee,Cold,-,"42-44 NORWOOD HIGH STREET
LONDON
SE27 9NR
Phone:	02086704433",howard.w@milton-lloyd.co.uk,No indication but contact details are avaliable.,TBC,TBC,TBC,TBC,TBC,,,,,,,
1099976,Miss J K Stirrup Charity Trust,UK,General,THE MISS J K STIRRUP CHARITY TRUST - 1099976,Awaiting outcome,"Ł146,738",-,"Ł48,000",-,-,-,Cold,-,"Ludlow Trust Company Limited
First Floor
Tower Wharf
Cheese La
TOWER WHARF
CHEESE L
Phone:	01173138200",charitabletrusts@ludlowtrust.com,-,Online,Applications via the online Ludlow portal,Ongoing,-,-,,,,,,,
1188787,Mostafavi Foundation,UK,General,MOSTAFAVI FOUNDATION - 1188787,Awaiting outcome,"Ł150,000",-,-,-,-,-,Cold,-,"3 CASTLEACRE
15 HYDE PARK CRESCENT
LONDON
W2 2PT
Phone:	02077248840",mostafavifoundation@gmail.com,No indication but contact details are avaliable.,TBC,TBC,TBC,TBC,TBC,,,,,,,
265957,Mrs S H Troughton Charity Trust,UK,Health / Community,MRS S H TROUGHTON CHARITY TRUST - 265957,Awaiting outcome,"Ł10,650",-,"Ł1,521","Ł1,500.00",-,-,Cold,-,"4th Floor
7 Swallow Street
LONDON
W1B 4DE
Phone:	02079072100",charity@mfs.co.uk,No indication but contact details are avaliable.,TBC,TBC,TBC,TBC,TBC,,,,,,,
1181826,Mulchand Foundation,UK,General,THE MULCHAND FOUNDATION - 1181826,Awaiting outcome,-,-,-,-,Sanjay Rajan Mulchand,Trustee,Cold,-,"LALTEX GROUP
LEIGH COMMERCE PARK
GREEN FOLD WAY
LEIGH
WN7 3XH
Phone:	01942687000",sanjay@laltex.com,No indication but contact details are avaliable.,TBC,TBC,TBC,TBC,TBC,,,,,,,
1178593,Nagle Family Foundation,"UK, Ireland and South Africa",Physical and mental health,THE NAGLE FAMILY FOUNDATION - 1178593,Awaiting outcome,"Ł218,050",-,-,"Ł2,000.00",-,-,Cold,-,"Third Floor
Sterling House
20 Station Road
Gerrards Cross
Buckinghamshire
Phone:	01628552000",info@naglefamilyfoundation.com,No indication but contact details are avaliable.,TBC,TBC,TBC,TBC,TBC,,,,,,,
285197,Northwick Trust,UK & Overseas,Life enhancing opportunities,THE NORTHWICK TRUST - 285197,Exploratory call / email needed.,"Ł431,000",Ł1k - Ł50k,"Ł9,170","Ł10,000.00",Peter McCarthy,Trustee,Cold,-,"13 Queensway
Wellingborough
NN8 3RA
01933222986",petermc1711@btinternet.com,No indication but contact details are avaliable.,TBC,TBC,TBC,TBC,TBC,,,,,,,
286525,Ofenheim Charitable Trust,"UK and Overseas, although state a preference for East Sussex",Hospices - Children and elderly welfare.,THE OFENHEIM CHARITABLE TRUST - 286525,Exploratory call / email needed.,"Ł537,000",-,"Ł7,458","Ł7,000.00",-,-,Cold,-,"R S M
4th Floor
100 Avebury Boulevard
MILTON KEYNES
MK9 1FH
01908687800",-,No indication but contact details are avaliable.,TBC,TBC,TBC,TBC,TBC,,,,,,,
1109210,Orchid Charitable Trust ,UK and Overseas,Relief of sickness,THE ORCHID CHARITABLE TRUST - 1109210,Exploratory call / email needed.,"Ł25,789",-,-,Ł500.00,-,-,Cold,-,"The Old Vicarage
114 High Street
Wargrave
READING
RG10 8DH
Phone:	01189401507",-,No indication but contact details are avaliable.,TBC,TBC,TBC,TBC,TBC,,,,,,,
1038737,Ove Arup Partnership Charitable Trust,UK,General,OVE ARUP PARTNERSHIP CHARITABLE TRUST - 1038737,Exploratory call / email needed.,-,-,-,-,-,-,Cold,-,"ARUP
8 FITZROY STREET
LONDON
W1T 4BJ
020 7636 1531",CoSecTeam@arup.com,No indication but contact details are avaliable.,TBC,TBC,TBC,TBC,TBC,,,,,,,
220124,P F Charitable Trust,UK,Health,P F CHARITABLE TRUST - 220124,Awaiting outcome,"Ł2,297,600",-,"Ł6,540","Ł5,000.00",-,-,Cold,-,"14 BUCKINGHAM STREET
LONDON
WC2N 6DF
Phone:	02036966721",charities@rftrustee.com,No indication but contact details are avaliable.,TBC,TBC,TBC,TBC,TBC,,,,,,,
1118301,Pack Foundation ,"local, national and international",General,THE PACK FOUNDATION - 1118301,Awaiting outcome,"Ł1,001,979",-,-,"Ł1,000.00",-,-,Cold,-,"Reeves & Co
37 St. Margarets Street
CANTERBURY
CT1 2TU
Phone:	03301241399",-,No indication but contact details are avaliable.,TBC,TBC,TBC,TBC,TBC,,,,,,,
1174839,Pantheon Charitable Trust,UK,General,THE PANTHEON CHARITABLE TRUST - 1174839,Apply,"Ł263,705",-,"Ł8,970","Ł8,500.00",-,-,Cold,-,"Ludlow Trust Company Limited
First Floor
Tower Wharf
Cheese La
TOWER WHARF
CHEESE L
Phone:	01173138200",charitabletrusts@ludlowtrust.com,-,Online,Applications via the online Ludlow portal,Ongoing,-,-,,,,,,,
294558,Patricia Beecham Charitable Settlement ,UK,General,THE PATRICIA BEECHAM CHARITABLE SETTLEMENT - 294558,Awaiting outcome,"Ł18,938",-,-,-,-,-,Cold,-,"6 CHESTER GATE
LONDON
NW1 4JH
Phone:	02074869918",-,No indication but contact details are avaliable.,TBC,TBC,TBC,TBC,TBC,,,,,,,
1077862,Patricia Routledge Foundation ,UK,General,The Patricia Routledge Foundation - 1077862,Awaiting outcome,"Ł468,084",-,"Ł3,319","Ł3,000.00",-,-,Cold,-,"Ludlow Trust Company Limited
First Floor
Tower Wharf
Cheese La
TOWER WHARF
CHEESE L
Phone:	01173138200",charitabletrusts@ludlowtrust.com,-,Online,Applications via the online Ludlow portal,Ongoing,-,-,,,,,,,
266255,PDC Trust,UK and overseas,Health,THE PDC TRUST - 266255,Exploratory call / email needed.,"Ł26,351",-,"Ł1,318","Ł1,000.00",-,-,Cold,-,"BOYCES BUILDING
REGENT STREET
CLIFTON
BRISTOL
BS8 4HU
Phone:	01179745221",-,No indication but contact details are avaliable.,TBC,TBC,TBC,TBC,TBC,,,,,,,
1163608,Persimmon Charitable Foundation - Community Champions,UK,Local Communities,Community Champions | Persimmon Homes | Persimmon Homes,Apply,-,"up to Ł6,000","Ł3,000","Ł3,000",-,-,Cold,-,"PERSIMMON PLC
PERSIMMON HOUSE
FULFORD
YORK
YO19 4FE
01904642199",-,-,Online,Applications can be made online at any time but grants are given every quarter.,Ongoing,See website,No,,,,,,,
1163608,Persimmon Charitable Foundation - Open Programme,UK,Health Conditions / Youth,Open Application Programme |,Apply,"Ł200,000",-,-,"Ł50,000.00",-,-,Cold,-,"PERSIMMON PLC
PERSIMMON HOUSE
FULFORD
YORK
YO19 4FE
01904642199",-,-,Online,"Applications must be made online. 4 x Ł50,000 grants avaliable.",March for May and June for Sept.,See website,No,,,,,,,
1194819,Persula Foundation,UK,Positive Social Change,PERSULA FOUNDATION - 1194819,Exploratory call / email needed.,"Ł1,477,535",-,"Ł10,000","Ł10,000.00",-,-,Cold,-,"The Persula Foundation
Unit 3-4
Richer House
Hankey Place
LONDON
SE1 4BB
0161 474 6811",info@persula.org,No indication but contact details are avaliable.,TBC,TBC,TBC,TBC,TBC,,,,,,,
1139109,PIMCO Foundation Europe,UK and Europe,Health / Children,PIMCO FOUNDATION EUROPE - 1139109,Exploratory call / email needed.,"Ł1,410,270",-,"Ł13,058","Ł10,000.00",-,-,Cold,-,"11 BAKER STREET
LONDON
W1U 3AH
02078721300",EMEACORPORATESECRETARY@PIMCO.COM,No indication but contact details are avaliable.,TBC,TBC,TBC,TBC,TBC,,,,,,,
1187700,Prudence Trust,UK,Young People's mental Health,https://theprudencetrust.org/,Exploratory call / email needed.,-,Ł30k - Ł300k,-,"Ł50,000 a year for 3 years.",-,-,Cold,-,"The Prudence Trust
Royalty House
32 Sackville Street
LONDON
W1S 3EA
02075662183",info@theprudencetrust.org,No indication but contact details are avaliable.,TBC,TBC,TBC,TBC,TBC,,,,,,,
1144124,PwC Foundation,UK,Healthcare and wellbeing,THE PWC FOUNDATION - 1144124,Exploratory call / email needed.,"Ł2,324,296",-,"Ł3,919.00","Ł4,000",Sean Good,PWC,Cold,-,"PRICEWATERHOUSECOOPERS
1 EMBANKMENT PLACE
LONDON
WC2N 6RH
07764902846",sean.good@pwc.com,No indication but contact details are avaliable.,TBC,TBC,TBC,TBC,TBC,,,,,,,
1152279,R & S Morley  Trust,UK and Overseas,General,THE R & S MORLEY TRUST - 1152279,Exploratory call / email needed.,"Ł56,500",-,"Ł4,346.00","Ł2,000",-,-,Cold,-,"52 PARLIAMENT HILL
LONDON
NW3 2TL
Phone:	07736854803",-,No indication but contact details are avaliable.,TBC,TBC,TBC,TBC,TBC,,,,,,,
1008914,R G Hills Charitable Trust ,UK and Overseas,Health,R G HILLS CHARITABLE TRUST - 1008914,Exploratory call / email needed.,"Ł124,110",-,"Ł2,177.00","Ł2,000",-,-,Lapsed,"Last gift Ł1,000 towards CA in 2021.","Furley Page
39-40 St. Margarets Street
Canterbury
CT1 2TX
Phone:	01227763939",-,No indication but contact details are avaliable.,TBC,TBC,TBC,TBC,TBC,,,,,,,
200009,Ralph Levy Charitable Company Limited,UK,Medical / Health,THE RALPH LEVY CHARITABLE COMPANY LIMITED - 200009,Awaiting outcome,"Ł583,418",-,"Ł9,888","Ł10,000",-,-,Cold,-,"1 Hinde Street
LONDON
W1U 2AY
Phone:	02074089333",charity@ralphtrustees.co.uk,No indication but contact details are avaliable.,TBC,TBC,TBC,TBC,TBC,,,,,,,
1113109,River Farm Foundation ,UK,Health / Welfare / Children,THE RIVER FARM FOUNDATION - 1113109,Awaiting outcome,"Ł537,604",-,"Ł19,657","Ł19,500",-,-,Cold,-,"Unit 4 Hill Farm
Kirby Road
Kirby Bedon
Norwich
Norfolk
NR14 7DU
Phone:	01508480100",info@fisherlegal.co.uk,No indication but contact details are avaliable.,TBC,TBC,TBC,TBC,TBC,,,,,,,
1122851,Roan Charitable Trust,UK and Internationally,Social Welfare,THE ROAN CHARITABLE TRUST - 1122851,Apply,"Ł477,000",-,"Ł21,681.00","Ł5,000",Jeff Shear,MD Specialist at Solid Management,Cold,-,"Solid Management
PO Box 2696
Woodford Green
IG8 1UF
Phone:	07771711188",jeff@solidmanagement.co.uk,No indication but contact details are avaliable.,Email,No formal application process,Ongoing,-,Unknown,,,,,,,
268535,Robert Gavron Charitable Trust,UK,Disabled,THE ROBERT GAVRON CHARITABLE TRUST - 268535,Awaiting outcome,"Ł512,342",-,-,-,-,-,Cold,-,"27 Maywin Drive
Hornchurch
RM11 3ST
Phone:	07549935051",office@rgct.org.uk,No indication but contact details are avaliable.,TBC,TBC,TBC,TBC,TBC,,,,,,,
274117,Rockcliffe Charitable Trust,UK,General,ROCKCLIFFE CHARITABLE TRUST - 274117,Exploratory call / email needed.,"Ł1,379,454",-,"Ł5,015.00","Ł1,000",-,-,Cold,-,"12 Upper Grosvenor St
Mayfair
London
W1K 2ND
Phone:	02078168137",-,No indication but contact details are avaliable.,TBC,TBC,TBC,TBC,TBC,,,,,,,
327062,Rubin Foundation Charitable Trust,UK,General,THE RUBIN FOUNDATION CHARITABLE TRUST - 327062,Exploratory call / email needed.,"Ł989,257",-,-,"Ł30,000",Allison McMillian,-,Cold,-,"8 Manchester Square
London
W1U 3PH
Phone:	020 7535 3870",alison.mcmillan@pentland.com,No indication but contact details are avaliable.,TBC,TBC,TBC,TBC,TBC,,,,,,,
263814,SMB Trust,UK and the World,Social Care,https://smbtrust.org.uk/,Awaiting outcome,-,-,-,"Ł2,000",Andrew Wheeler,Chair,Cold,-,"483 GREEN LANES
LONDON
N13 4BS
Phone:	07702842240",andy@smbtrust.org.uk,Yes,Online,Online,April and Oct,See website,No,,,,,,,
1009946,S Sterling Charitable Trust,UK,General,S STERLING CHARITABLE TRUST - 1009946,Awaiting outcome,"Ł97,098",-,-,-,-,-,Cold,-,"101 New Cavendish Street
1st Floor South
London
W1W 6XH
Phone:	02074676300",-,No indication but contact details are avaliable.,TBC,TBC,TBC,TBC,TBC,,,,,,,
288541,Searle Charitable Trust,UK,General,THE SEARLE CHARITABLE TRUST - 288541,Awaiting outcome,"Ł90,000",-,-,-,-,-,Cold,-,"30 WATLING STREET
ST. ALBANS
AL1 2QB
Phone:	02076808100",-,No indication but contact details are avaliable.,TBC,TBC,TBC,TBC,TBC,,,,,,,
1041568,Spear Charitable Trust,UK,General,THE SPEAR CHARITABLE TRUST - 1041568,Exploratory call / email needed.,"Ł2,012,990",-,-,"Ł100,000",-,-,Cold,-,"LONGMORES
24 CASTLE STREET
HERTFORD
SG14 1HP
Phone:	01992300333",-,No indication but contact details are avaliable.,TBC,TBC,TBC,TBC,TBC,,,,,,,
1085985,Stanley Foster Charitable Trust,UK,General,THE STANLEY FOSTER CHARITABLE TRUST - 1085985,Awaiting outcome,"Ł26,100",-,-,-,-,-,Cold,-,"1 RUSSELL CLOSE
BECKENHAM
BR3 6QL
Phone:	07913 321213",-,No indication but contact details are avaliable.,TBC,TBC,TBC,TBC,TBC,,,,,,,
222883,St Jude's Trust,UK,Disabled / Health,ST JUDE'S TRUST - 222883,Awaiting outcome,"Ł39,084",-,"Ł1,221.00","Ł1,200",-,-,Cold,-,"DRUCES LLP
SALISBURY HOUSE
LONDON WALL
LONDON
EC2M 5PS
Phone:	02076389271",-,No indication but contact details are avaliable.,Postal,Applications via post only.,Applications by April and October for review in May and November,-,-,,,,,,,
1138476,Stolkin Foundation,UK,Ill health / Children and Young People,Stolkin Foundation - 1138476,Exploratory call / email needed.,"Ł295,720",-,-,"Ł5,000 - Ł7,000",-,-,Cold,-,"14-16 EGERTON GARDENS MEWS
LONDON
SW3 2EH
Phone:	02075890899",-,No indication but contact details are avaliable.,TBC,TBC,TBC,TBC,TBC,,,,,,,
283462,Susanna Peake Charitable Trust,UK,Hospices - Elderly / Disabled,SUSANNA PEAKE CHARITABLE TRUST - 283462,Exploratory call / email needed.,"Ł418,600",-,"Ł8,542.00","Ł8,500",-,-,Cold,-,"Rathbones Trust Company Limited
30 Gresham Street
LONDON
EC2V 7QN
Phone:	0207 399 0444",rtccharities@rathbones.com,No indication but contact details are avaliable.,TBC,TBC,TBC,TBC,TBC,,,,,,,
271925,Swann-Morton Foundation,UK - Possible preference for Sheffield,"Care / Support - Sick, injured, infirm, handicapped or disabled",THE SWANN-MORTON FOUNDATION - 271925,Exploratory call / email needed.,"Ł98,941",-,-,"Ł6,000",-,-,Cold,-,"SWANN MORTON LTD
OWLERTON GREEN
SHEFFIELD
S6 2BJ
Phone:	01142344231",-,No indication but contact details are avaliable.,TBC,TBC,TBC,TBC,TBC,,,,,,,
1175522,Sydney & Sheila McGhee Charitable Trust ,UK,General,THE SYDNEY AND SHEILA MCGHEE CHARITABLE TRUST - 1175522,Awaiting outcome,"Ł36,935",-,"Ł3,357.00","Ł3,000",David Butterworth,Wheawill & Sudworth Limited,Cold,-,"Wheawill & Sudworth Limited
35 Westgate
Huddersfield
West Yorkshire
HD1 1PA
Phone:	01484 423691",david.butterworth@wheawills.co.uk,No indication but contact details are avaliable.,TBC,TBC,TBC,TBC,TBC,,,,,,,
1149202,Syncona Foundation,UK,Cancer / Health,https://www.synconaltd.com/the-foundation/,Exploratory call / email needed.,"Ł4,390,000",-,-,"Ł20,000",Thomas Henderson,Chair,Cold,-,"c/o Couch Bright King & Co
2 Tolherst Court
Turkey Mill
Ashford Road
MAIDSTONE
Kent
Phone:	0207 387 4264",TH@BACIT.CO,No indication but contact details are avaliable.,TBC,TBC,TBC,TBC,TBC,,,,,,,
1094181,Tanlaw Foundation,UK,Medical and Disability,THE TANLAW FOUNDATION - 1094181,Exploratory call / email needed.,"Ł213,500",-,"Ł17,791.00","Ł5,000",Neil Warman,Admin Assist to the Investment Manager at Rathbones.,Cold,-,"Rathbone Bros Plc
PO Box 1965
Liverpool
L69 3HU
Phone:	02073990134",Neil.Warman@rathbones.com,No indication but contact details are avaliable.,TBC,TBC,TBC,TBC,TBC,,,,,,,
1107895,Tara Getty Foundation,UK and overseas,Health,https://taragettyfoundation.earth/,Awaiting outcome,"Ł328,463",-,-,"Ł10,000",-,-,Cold,-,"6 Chesterfield Gardens
Ground Floor
London
W1J 5BQ
Phone:	02074093900",hello@taragettyfoundation.earth,Yes,TBC,TBC,TBC,TBC,TBC,,,,,,,
1175713,Tendril Trust,UK,Hospice,THE TENDRIL TRUST - 1175713,Awaiting outcome,"Ł260,874",-,"Ł2,099.00","Ł2,000",-,-,Cold,-,"NICHOLSONS
ST. JAMES HOUSE
AUSTENWOOD LANE
GERRARDS CROSS
BUCKINGHAMSHIRE
SL9 8SG
Phone:	01753891919",-,No indication but contact details are avaliable.,TBC,TBC,TBC,TBC,TBC,,,,,,,
1116782,Terence Cole Foundation,UK,General,THE TERENCE COLE FOUNDATION - 1116782,Awaiting outcome,"Ł22,643",-,"Ł5,660.00","Ł5,500",Karen Jupp,Trustee,Cold,-,"10 UPPER BERKELEY STREET
LONDON
W1H 7PE
Phone:	02074020402",karen.jupp@marcol.com,No indication but contact details are avaliable.,TBC,TBC,TBC,TBC,TBC,,,,,,,
1123591,Thomas Moffitt Clark Charitable Trust,UK,General,THE THOMAS MOFFITT CLARK CHARITABLE TRUST - 1123591,Awaiting outcome,-,-,-,Ł500,-,-,Cold,-,"Ludlow Trust Company Limited
First Floor
Tower Wharf
Cheese La
TOWER WHARF
CHEESE L
Phone:	01173138200",charitabletrusts@ludlowtrust.com,-,Online,Applications are made online via the Ludlow Portal,Ongoing,-,-,,,,,,,
279549,Thomas Sivewright Catto Charitable Settlement,UK,General - Illness / Health,THE THOMAS SIVEWRIGHT CATTO CHARITABLE SETTLEMENT - 279549,Exploratory call / email needed.,"Ł370,230",-,"Ł1,000","Ł1,000",-,-,Cold,-,"PO BOX 47408
LONDON
N21 1YW
07836 247913",office@tscatto.org.uk,No indication but contact details are avaliable.,TBC,TBC,TBC,TBC,TBC,,,,,,,
1124952,Trelix Charitable Trust,"local, national and overseas",Hospice,TRELIX CHARITABLE TRUST - 1124952,Awaiting outcome,"Ł46,000",-,"Ł1,095","Ł1,000",-,-,Cold,-,"BLANDY & BLANDY
1 FRIAR STREET
READING
RG1 1DA
Phone:	01189516800",TrelixCT@gmail.com,No indication but contact details are avaliable.,TBC,TBC,TBC,TBC,TBC,,,,,,,
1103150,Tresanton Trust,UK,Children,THE TRESANTON TRUST - 1103150,Awaiting outcome,"Ł549,685",-,-,"Ł10,000",-,-,Cold,-,"Birch Hall
Church Road
WINDLESHAM
GU20 6BN",info@tresantontrust.com,No indication but contact details are avaliable.,Email,Email ONLT,TBC,Multi-year grants only.,YES,,,,,,,
801479,Tufton Charitable Trust ,UK and Overseas,Health,THE TUFTON CHARITABLE TRUST - 801479,Exploratory call / email needed.,"Ł384,250",-,-,"Ł20,000",-,-,Cold,-,"Tufton Place
Tufton Lane
Northiam
Rye
TN31 6HL
Phone:	01797 253311",-,No indication but contact details are avaliable.,TBC,TBC,TBC,TBC,TBC,,,,,,,
255651,Vandervell Foundation ,UK,Medical / Social Welfare,THE VANDERVELL FOUNDATION - 255651,Apply,"Ł310,000",-,"Ł2,844","Ł2,500",-,-,Cold,-,"HAMPSTEAD TOWN HALL CENTRE
213 HAVERSTOCK HILL
LONDON
NW3 4QP
Phone:	02076925890",office@vandervell.org.uk,No indication but contact details are avaliable.,Post or email,On formal application process.  Applications are accepted via email or post.,Rolling - Trustees meet bi-monthly.,-,-,,,,,,,
1071006,Violet Helen Dixon Charitable Trust,UK,General,THE VIOLET HELEN DIXON CHARITABLE TRUST - 1071006,Awaiting outcome,"Ł28,000",-,"Ł2,800",-,-,-,Cold,-,"Ludlow Trust Company Limited
First Floor
Tower Wharf
Cheese La
TOWER WHARF
CHEESE L
Phone:	01173138200",charitabletrusts@ludlowtrust.com,-,Online,Applications are made online via the Ludlow Portal,Ongoing,-,-,,,,,,,
 1139173,Whitehead Monckton Charitable Foundation,Kent,Kent,https://www.wmcf.co.uk/charity-sponsorship-in-kent/,Unsuccessful,,,,,,,,,,,,,,,,,,,,,,,
298781,White Oak Charitable Trust ,England and Wales,Hardship,THE WHITE OAK CHARITABLE TRUST - 298781,Awaiting outcome,"Ł60,500",,"Ł1,000","Ł1,000",-,-,Cold,-,"Flat 9, Newton Court
53-59 Kensington Church Street
LONDON
W8 4BD
Phone:	02078238851",WhiteOakCharitableTrust@gmail.com,No indication but contact details are avaliable.,TBC,TBC,TBC,TBC,TBC,,,,,,,
293312,WG Edwards Charitable Foundation ,UK,Over 65's,WG Edwards Charitable Foundation,Apply,-,"Ł1,000 - Ł1,500",-,"Ł1,500",-,-,Lapsed,"Ł2,000 towards equipment - 2021","Robson Laidler
Fernwood House
Fernwood Road
NEWCASTLE UPON TYNE
Phone:0191 2843612",WGEDWARDSCHARITY@ICLOUD.COM,No indication but contact details are avaliable.,Online,"You can use the online form, or print the form and send it via email.",apply between 8th - 12th Dec to be considered at their January meeting.,See website,No,,,,,,,
1172795,William and Frances Dobie Charitable Foundation ,UK,Health- Young / Old / disabled,WILLIAM AND FRANCES DOBIE CHARITABLE FOUNDATION - 1172795,Awaiting outcome,"Ł59,000",-,-,"Ł1,000",-,-,Cold,-,"5 Briarwood
WILMSLOW
Cheshire
SK9 2DH
Phone:	01565740909",-,No indication but contact details are avaliable.,TBC,TBC,TBC,TBC,TBC,,,,,,,
284299,Wogen Anniversary Trust ,UK,Health / Disability,THE WOGEN ANNIVERSARY TRUST - 284299,Awaiting outcome,"Ł101,867",-,"Ł2,425","Ł2,400",Adam Greenwood,,Cold,-,"c/o TC Citroen Wells Ltd
5th Floor
3 Dorset Rise
London
EC4Y 8EN
Phone:	02073042000",adam.greenwood@wogen.com,No indication but contact details are avaliable.,TBC,TBC,TBC,TBC,TBC,,,,,,,
,,,,,,,,,,,,,,,,,,,,,,,,,,,,
,,,,,,,,,,,,,,,,,,,,,,,,,,,,
,,,,,,,,,,,,,,,,,,,,,,,,,,,,
,,,,,,,,,,,,,,,,,,,,,,,,,,,,
,,,,,,,,,,,,,,,,,,,,,,,,,,,,
,,,,,,,,,,,,,,,,,,,,,,,,,,,,
,,,,,,,,,,,,,,,,,,,,,,,,,,,,
,,,,,,,,,,,,,,,,,,,,,,,,,,,,
,,,,,,,,,,,,,,,,,,,,,,,,,,,,
,,,,,,,,,,,,,,,,,,,,,,,,,,,,
,,,,,,,,,,,,,,,,,,,,,,,,,,,,
,,,,,,,,,,,,,,,,,,,,,,,,,,,,
,,,,,,,,,,,,,,,,,,,,,,,,,,,,
,,,,,,,,,,,,,,,,,,,,,,,,,,,,
,,,,,,,,,,,,,,,,,,,,,,,,,,,,
,,,,,,,,,,,,,,,,,,,,,,,,,,,,
,,,,,,,,,,,,,,,,,,,,,,,,,,,,
,,,,,,,,,,,,,,,,,,,,,,,,,,,,
,,,,,,,,,,,,,,,,,,,,,,,,,,,,
,,,,,,,,,,,,,,,,,,,,,,,,,,,,
,,,,,,,,,,,,,,,,,,,,,,,,,,,,
,,,,,,,,,,,,,,,,,,,,,,,,,,,,
,,,,,,,,,,,,,,,,,,,,,,,,,,,,
,,,,,,,,,,,,,,,,,,,,,,,,,,,,
,,,,,,,,,,,,,,,,,,,,,,,,,,,,
,,,,,,,,,,,,,,,,,,,,,,,,,,,,
,,,,,,,,,,,,,,,,,,,,,,,,,,,,
,,,,,,,,,,,,,,,,,,,,,,,,,,,,
,,,,,,,,,,,,,,,,,,,,,,,,,,,,
,,,,,,,,,,,,,,,,,,,,,,,,,,,,
,,,,,,,,,,,,,,,,,,,,,,,,,,,,
,,,,,,,,,,,,,,,,,,,,,,,,,,,,
,,,,,,,,,,,,,,,,,,,,,,,,,,,,
,,,,,,,,,,,,,,,,,,,,,,,,,,,,
,,,,,,,,,,,,,,,,,,,,,,,,,,,,
,,,,,,,,,,,,,,,,,,,,,,,,,,,,
,,,,,,,,,,,,,,,,,,,,,,,,,,,,
,,,,,,,,,,,,,,,,,,,,,,,,,,,,
,,,,,,,,,,,,,,,,,,,,,,,,,,,,
,,,,,,,,,,,,,,,,,,,,,,,,,,,,
,,,,,,,,,,,,,,,,,,,,,,,,,,,,
,,,,,,,,,,,,,,,,,,,,,,,,,,,,
,,,,,,,,,,,,,,,,,,,,,,,,,,,,
,,,,,,,,,,,,,,,,,,,,,,,,,,,,
,,,,,,,,,,,,,,,,,,,,,,,,,,,,
,,,,,,,,,,,,,,,,,,,,,,,,,,,,
,,,,,,,,,,,,,,,,,,,,,,,,,,,,
,,,,,,,,,,,,,,,,,,,,,,,,,,,,
,,,,,,,,,,,,,,,,,,,,,,,,,,,,
,,,,,,,,,,,,,,,,,,,,,,,,,,,,
,,,,,,,,,,,,,,,,,,,,,,,,,,,,
,,,,,,,,,,,,,,,,,,,,,,,,,,,,
,,,,,,,,,,,,,,,,,,,,,,,,,,,,
,,,,,,,,,,,,,,,,,,,,,,,,,,,,
,,,,,,,,,,,,,,,,,,,,,,,,,,,,
,,,,,,,,,,,,,,,,,,,,,,,,,,,,
,,,,,,,,,,,,,,,,,,,,,,,,,,,,
,,,,,,,,,,,,,,,,,,,,,,,,,,,,
,,,,,,,,,,,,,,,,,,,,,,,,,,,,
,,,,,,,,,,,,,,,,,,,,,,,,,,,,
,,,,,,,,,,,,,,,,,,,,,,,,,,,,
,,,,,,,,,,,,,,,,,,,,,,,,,,,,
,,,,,,,,,,,,,,,,,,,,,,,,,,,,
,,,,,,,,,,,,,,,,,,,,,,,,,,,,
,,,,,,,,,,,,,,,,,,,,,,,,,,,,
,,,,,,,,,,,,,,,,,,,,,,,,,,,,
,,,,,,,,,,,,,,,,,,,,,,,,,,,,
,,,,,,,,,,,,,,,,,,,,,,,,,,,,
,,,,,,,,,,,,,,,,,,,,,,,,,,,,
,,,,,,,,,,,,,,,,,,,,,,,,,,,,
,,,,,,,,,,,,,,,,,,,,,,,,,,,,
,,,,,,,,,,,,,,,,,,,,,,,,,,,,
,,,,,,,,,,,,,,,,,,,,,,,,,,,,
,,,,,,,,,,,,,,,,,,,,,,,,,,,,
,,,,,,,,,,,,,,,,,,,,,,,,,,,,
,,,,,,,,,,,,,,,,,,,,,,,,,,,,
,,,,,,,,,,,,,,,,,,,,,,,,,,,,
,,,,,,,,,,,,,,,,,,,,,,,,,,,,
,,,,,,,,,,,,,,,,,,,,,,,,,,,,
,,,,,,,,,,,,,,,,,,,,,,,,,,,,
,,,,,,,,,,,,,,,,,,,,,,,,,,,,
,,,,,,,,,,,,,,,,,,,,,,,,,,,,
,,,,,,,,,,,,,,,,,,,,,,,,,,,,
,,,,,,,,,,,,,,,,,,,,,,,,,,,,
,,,,,,,,,,,,,,,,,,,,,,,,,,,,
,,,,,,,,,,,,,,,,,,,,,,,,,,,,
,,,,,,,,,,,,,,,,,,,,,,,,,,,,
,,,,,,,,,,,,,,,,,,,,,,,,,,,,
,,,,,,,,,,,,,,,,,,,,,,,,,,,,
,,,,,,,,,,,,,,,,,,,,,,,,,,,,
,,,,,,,,,,,,,,,,,,,,,,,,,,,,
,,,,,,,,,,,,,,,,,,,,,,,,,,,,
,,,,,,,,,,,,,,,,,,,,,,,,,,,,
,,,,,,,,,,,,,,,,,,,,,,,,,,,,
,,,,,,,,,,,,,,,,,,,,,,,,,,,,
,,,,,,,,,,,,,,,,,,,,,,,,,,,,
,,,,,,,,,,,,,,,,,,,,,,,,,,,,
,,,,,,,,,,,,,,,,,,,,,,,,,,,,
,,,,,,,,,,,,,,,,,,,,,,,,,,,,
,,,,,,,,,,,,,,,,,,,,,,,,,,,,
,,,,,,,,,,,,,,,,,,,,,,,,,,,,
,,,,,,,,,,,,,,,,,,,,,,,,,,,,
,,,,,,,,,,,,,,,,,,,,,,,,,,,,
,,,,,,,,,,,,,,,,,,,,,,,,,,,,
,,,,,,,,,,,,,,,,,,,,,,,,,,,,
,,,,,,,,,,,,,,,,,,,,,,,,,,,,
,,,,,,,,,,,,,,,,,,,,,,,,,,,,
,,,,,,,,,,,,,,,,,,,,,,,,,,,,
,,,,,,,,,,,,,,,,,,,,,,,,,,,,
,,,,,,,,,,,,,,,,,,,,,,,,,,,,
,,,,,,,,,,,,,,,,,,,,,,,,,,,,
,,,,,,,,,,,,,,,,,,,,,,,,,,,,
,,,,,,,,,,,,,,,,,,,,,,,,,,,,
,,,,,,,,,,,,,,,,,,,,,,,,,,,,
,,,,,,,,,,,,,,,,,,,,,,,,,,,,
,,,,,,,,,,,,,,,,,,,,,,,,,,,,
,,,,,,,,,,,,,,,,,,,,,,,,,,,,
,,,,,,,,,,,,,,,,,,,,,,,,,,,,
,,,,,,,,,,,,,,,,,,,,,,,,,,,,
,,,,,,,,,,,,,,,,,,,,,,,,,,,,
,,,,,,,,,,,,,,,,,,,,,,,,,,,,
,,,,,,,,,,,,,,,,,,,,,,,,,,,,
,,,,,,,,,,,,,,,,,,,,,,,,,,,,
,,,,,,,,,,,,,,,,,,,,,,,,,,,,
,,,,,,,,,,,,,,,,,,,,,,,,,,,,
,,,,,,,,,,,,,,,,,,,,,,,,,,,,
,,,,,,,,,,,,,,,,,,,,,,,,,,,,
,,,,,,,,,,,,,,,,,,,,,,,,,,,,
,,,,,,,,,,,,,,,,,,,,,,,,,,,,
,,,,,,,,,,,,,,,,,,,,,,,,,,,,
